<?xml version="1.0" encoding="UTF-8"?>
<project xmlns="http://maven.apache.org/POM/4.0.0" xmlns:xsi="http://www.w3.org/2001/XMLSchema-instance" xsi:schemaLocation="http://maven.apache.org/POM/4.0.0 http://maven.apache.org/maven-v4_0_0.xsd">
  <modelVersion>4.0.0</modelVersion>
  <groupId>com.refactorlabs.cs378</groupId>
  <artifactId>bdp</artifactId>
  <version>0.5</version>
  <description>Java code for CS 378 - Big Data Programming</description>
  <developers>
    <developer>
      <id>dfranke</id>
      <name>David Franke</name>
      <email>dfranke@cs.utexas.edu</email>
    </developer>
  </developers>
  <build>
    <plugins>
      <plugin>
        <artifactId>maven-compiler-plugin</artifactId>
        <version>3.1</version>
        <configuration>
          <source>1.7</source>
          <target>1.7</target>
        </configuration>
      </plugin>
      <plugin>
        <artifactId>maven-jar-plugin</artifactId>
        <version>2.5</version>
      </plugin>
      <plugin>
        <artifactId>maven-resources-plugin</artifactId>
        <version>2.5</version>
      </plugin>
      <plugin>
        <artifactId>maven-shade-plugin</artifactId>
        <version>2.3</version>
        <executions>
          <execution>
            <phase>package</phase>
            <goals>
              <goal>shade</goal>
            </goals>
            <configuration>
              <artifactSet>
                <excludes />
              </artifactSet>
            </configuration>
          </execution>
        </executions>
      </plugin>
      <plugin>
        <groupId>org.apache.avro</groupId>
        <artifactId>avro-maven-plugin</artifactId>
        <version>${avro.version}</version>
        <executions>
          <execution>
            <phase>generate-sources</phase>
            <goals>
              <goal>schema</goal>
            </goals>
            <configuration>
              <sourceDirectory>src/main/avro/</sourceDirectory>
              <outputDirectory>src/main/java/</outputDirectory>
            </configuration>
          </execution>
        </executions>
      </plugin>
    </plugins>
  </build>
  <dependencies>
    <dependency>
      <groupId>org.apache.hadoop</groupId>
      <artifactId>hadoop-common</artifactId>
      <version>2.4.0</version>
      <scope>provided</scope>
      <exclusions>
        <exclusion>
          <artifactId>hadoop-annotations</artifactId>
          <groupId>org.apache.hadoop</groupId>
        </exclusion>
        <exclusion>
          <artifactId>commons-cli</artifactId>
          <groupId>commons-cli</groupId>
        </exclusion>
        <exclusion>
          <artifactId>commons-math3</artifactId>
          <groupId>org.apache.commons</groupId>
        </exclusion>
        <exclusion>
          <artifactId>xmlenc</artifactId>
          <groupId>xmlenc</groupId>
        </exclusion>
        <exclusion>
          <artifactId>commons-httpclient</artifactId>
          <groupId>commons-httpclient</groupId>
        </exclusion>
        <exclusion>
          <artifactId>commons-codec</artifactId>
          <groupId>commons-codec</groupId>
        </exclusion>
        <exclusion>
          <artifactId>commons-io</artifactId>
          <groupId>commons-io</groupId>
        </exclusion>
        <exclusion>
          <artifactId>commons-net</artifactId>
          <groupId>commons-net</groupId>
        </exclusion>
        <exclusion>
          <artifactId>jersey-core</artifactId>
          <groupId>com.sun.jersey</groupId>
        </exclusion>
        <exclusion>
          <artifactId>jersey-json</artifactId>
          <groupId>com.sun.jersey</groupId>
        </exclusion>
        <exclusion>
          <artifactId>jersey-server</artifactId>
          <groupId>com.sun.jersey</groupId>
        </exclusion>
        <exclusion>
          <artifactId>jasper-compiler</artifactId>
          <groupId>tomcat</groupId>
        </exclusion>
        <exclusion>
          <artifactId>jasper-runtime</artifactId>
          <groupId>tomcat</groupId>
        </exclusion>
        <exclusion>
          <artifactId>jsp-api</artifactId>
          <groupId>javax.servlet.jsp</groupId>
        </exclusion>
        <exclusion>
          <artifactId>commons-el</artifactId>
          <groupId>commons-el</groupId>
        </exclusion>
        <exclusion>
          <artifactId>jets3t</artifactId>
          <groupId>net.java.dev.jets3t</groupId>
        </exclusion>
        <exclusion>
          <artifactId>commons-configuration</artifactId>
          <groupId>commons-configuration</groupId>
        </exclusion>
        <exclusion>
          <artifactId>slf4j-log4j12</artifactId>
          <groupId>org.slf4j</groupId>
        </exclusion>
        <exclusion>
          <artifactId>protobuf-java</artifactId>
          <groupId>com.google.protobuf</groupId>
        </exclusion>
        <exclusion>
          <artifactId>hadoop-auth</artifactId>
          <groupId>org.apache.hadoop</groupId>
        </exclusion>
        <exclusion>
          <artifactId>jsch</artifactId>
          <groupId>com.jcraft</groupId>
        </exclusion>
        <exclusion>
          <artifactId>zookeeper</artifactId>
          <groupId>org.apache.zookeeper</groupId>
        </exclusion>
      </exclusions>
    </dependency>
    <dependency>
      <groupId>org.apache.hadoop</groupId>
      <artifactId>hadoop-mapreduce-client-core</artifactId>
      <version>2.4.0</version>
      <scope>provided</scope>
      <exclusions>
        <exclusion>
          <artifactId>hadoop-yarn-common</artifactId>
          <groupId>org.apache.hadoop</groupId>
        </exclusion>
        <exclusion>
          <artifactId>guice-servlet</artifactId>
          <groupId>com.google.inject.extensions</groupId>
        </exclusion>
        <exclusion>
          <artifactId>protobuf-java</artifactId>
          <groupId>com.google.protobuf</groupId>
        </exclusion>
        <exclusion>
          <artifactId>slf4j-log4j12</artifactId>
          <groupId>org.slf4j</groupId>
        </exclusion>
        <exclusion>
          <artifactId>hadoop-annotations</artifactId>
          <groupId>org.apache.hadoop</groupId>
        </exclusion>
      </exclusions>
    </dependency>
    <dependency>
      <groupId>org.mockito</groupId>
      <artifactId>mockito-core</artifactId>
      <version>1.9.5</version>
      <scope>test</scope>
    </dependency>
  </dependencies>
  <properties>
    <avro.version>1.7.7</avro.version>
    <mockito.version>1.9.5</mockito.version>
    <hadoop-common.version>2.4.0</hadoop-common.version>
    <mrunit.version>1.1.0</mrunit.version>
    <guava.version>18.0</guava.version>
    <hadoop-core.version>2.4.0</hadoop-core.version>
  </properties>
</project>

